<?xml version="1.0" encoding="UTF-8"?>
<project-private xmlns="http://www.netbeans.org/ns/project-private/1">
    <editor-bookmarks xmlns="http://www.netbeans.org/ns/editor-bookmarks/2" lastBookmarkId="0"/>
    <open-files xmlns="http://www.netbeans.org/ns/projectui-open-files/2">
        <group>
            <file>file:/D:/Assignment_4/src/Q_9.java</file>
            <file>file:/D:/Assignment_4/test/Q_9Test.java</file>
            <file>file:/D:/Assignment_4/src/Q_10.java</file>
            <file>file:/D:/Assignment_4/test/Q_10Test.java</file>
        </group>
    </open-files>
</project-private>
